{
  "accuracy": 0.8076923076923077,
  "precision": [
    0.0,
    0.9950248756218906,
    1.0,
    0.0,
    1.0,
    1.0,
    1.0,
    1.0,
    1.0,
    0.2861230329041488,
    1.0,
    1.0,
    1.0
  ],
  "recall": [
    0.0,
    1.0,
    1.0,
    0.0,
    1.0,
    1.0,
    0.995,
    1.0,
    1.0,
    1.0,
    0.505,
    1.0,
    1.0
  ],
  "f1": [
    0.0,
    0.9975062344139651,
    1.0,
    0.0,
    1.0,
    1.0,
    0.9974937343358395,
    1.0,
    1.0,
    0.44493882091212456,
    0.6710963455149501,
    1.0,
    1.0
  ],
  "support": [
    200,
    200,
    200,
    200,
    200,
    200,
    200,
    200,
    200,
    200,
    200,
    200,
    200
  ]
}