{
  "total_mse": 4.348626694852567,
  "fault_mse": {
    "10": {
      "mse": 0.018417104227245663,
      "n_windows": 9200
    },
    "11": {
      "mse": 0.15153366291915754,
      "n_windows": 9200
    },
    "12": {
      "mse": 6.359226321397835,
      "n_windows": 9200
    },
    "1": {
      "mse": 0.38907836421443476,
      "n_windows": 9200
    },
    "2": {
      "mse": 0.8608079969415279,
      "n_windows": 9200
    },
    "3": {
      "mse": 0.013293847168552812,
      "n_windows": 9200
    },
    "4": {
      "mse": 0.1558916547245589,
      "n_windows": 9200
    },
    "5": {
      "mse": 0.02650126168737188,
      "n_windows": 9200
    },
    "6": {
      "mse": 43.70820619455205,
      "n_windows": 9200
    },
    "7": {
      "mse": 0.29023489632471666,
      "n_windows": 9200
    },
    "8": {
      "mse": 0.19697801089774736,
      "n_windows": 9200
    },
    "9": {
      "mse": 0.013351326881928126,
      "n_windows": 9200
    }
  },
  "total_windows": 110400
}